{"cameraMode":{"drawMode":0,"name":"Shaded","section":"Shading Mode"},"sceneLighting":true,"audioPlay":false,"sceneViewState":{"m_AlwaysRefresh":false,"showFog":true,"showSkybox":true,"showFlares":true,"showImageEffects":true,"showParticleSystems":true,"showVisualEffectGraphs":true,"m_FxEnabled":true},"in2DMode":false,"pivot":{"x":10.79468059539795,"y":1.9816582202911378,"z":1.2748147249221802},"rotation":{"x":-0.051143255084753039,"y":-0.6760299801826477,"z":0.04713951796293259,"w":-0.7335914373397827},"size":6.869223594665527,"orthographic":false}